,City,Cloudiness,Country,Date,Humidity,Lat,Lng,Max Temp,Wind Speed
0,Rikitea,100,PF,1562358589,70,-23.12,-134.97,68.45,26.02
1,Ushuaia,75,AR,1562358473,98,-54.81,-68.31,37.94,8.05
2,Corinto,40,CO,1562358680,48,3.17,-76.26,87.8,4.7
3,Qaanaaq,22,GL,1562358681,57,77.48,-69.36,43.07,3.49
4,Saldanha,0,PT,1562358681,61,41.42,-6.55,68.81,7.38
5,Torbay,90,CA,1562358681,82,47.66,-52.73,56.05,11.41
6,Aswan,0,EG,1562358682,17,24.09,32.9,93.2,18.34
7,Tasiilaq,8,GL,1562358682,70,65.61,-37.64,48.2,10.29
8,Vaini,100,IN,1562358682,88,15.34,74.49,77.45,8.14
9,Atuona,11,PF,1562358683,79,-9.8,-139.03,81.23,19.73
10,Uglovskoye,52,RU,1562358683,77,51.36,80.19,58.37,2.73
11,Lebu,75,ET,1562358683,93,8.96,38.73,59.0,6.93
12,Punta Arenas,20,CL,1562358684,70,-53.16,-70.91,41.92,21.92
13,Zamberk,0,CZ,1562358684,56,50.09,16.47,61.3,3.36
14,Paarl,75,ZA,1562358684,93,-33.74,18.98,54.77,10.29
15,Umm Lajj,0,SA,1562358685,63,25.02,37.27,85.55,14.72
16,Jamestown,19,AU,1562358613,69,-33.21,138.6,55.31,14.41
17,Busselton,100,AU,1562358612,80,-33.64,115.35,42.3,18.86
18,Doha,0,QA,1562358686,30,25.29,51.53,94.93,11.41
19,Puerto Ayora,20,EC,1562358630,65,-0.74,-90.35,75.72,19.46
20,Hualmay,47,PE,1562358687,84,-11.1,-77.61,62.51,12.28
21,Rabo de Peixe,20,PT,1562358687,68,37.8,-25.58,68.0,9.17
22,Maunabo,90,PR,1562358688,83,18.01,-65.9,82.49,12.75
23,Ugoofaaru,68,MV,1562358688,76,5.67,73.0,83.57,10.33
24,Kavieng,93,PG,1562358688,74,-2.57,150.8,82.67,6.15
25,Abu Dhabi,0,AE,1562358476,79,24.47,54.37,90.79,11.41
26,Birpur,87,IN,1562358689,67,26.48,86.75,86.63,9.66
27,Klaksvik,97,FO,1562358689,81,62.23,-6.59,48.2,21.92
28,Chokurdakh,68,RU,1562358690,75,70.62,147.9,48.83,12.97
29,Nikolskoye,40,RU,1562358690,93,59.7,30.79,51.03,4.47
30,Zhanaozen,0,KZ,1562358690,35,43.35,52.85,82.67,16.71
31,Maldonado,75,UY,1562358691,66,-34.91,-54.96,48.2,17.22
32,Iqaluit,90,CA,1562358691,100,63.75,-68.52,41.0,10.29
33,Bereda,90,ES,1562358691,93,43.27,-7.54,65.48,2.24
34,Sars,0,RU,1562358692,97,56.55,57.14,47.75,5.82
35,Koindu,100,GN,1562358692,98,8.44,-10.33,71.15,5.53
36,Dali,0,CN,1562358692,41,34.79,109.94,72.77,9.91
37,Ribeira Grande,40,PT,1562358693,77,38.52,-28.7,69.8,5.82
38,Hilo,1,US,1562358693,62,19.71,-155.08,79.66,9.17
39,Sao Paulo de Olivenca,99,BR,1562358693,81,-3.38,-68.87,83.93,3.33
40,Manado,20,ID,1562358694,100,1.49,124.85,71.6,8.1
41,Cape Town,75,ZA,1562358536,93,-33.93,18.42,54.39,10.29
42,Mecca,67,SA,1562358428,39,21.43,39.83,87.53,5.48
43,Wanaka,36,NZ,1562358695,85,-44.7,169.14,34.0,3.02
44,Guerrero Negro,0,MX,1562358695,87,27.97,-114.04,64.67,14.29
45,Bubaque,100,GW,1562358696,84,11.28,-15.83,79.43,9.91
46,Lagoa,0,PT,1562358696,88,37.14,-8.45,67.14,13.87
47,Albany,20,US,1562358587,31,42.65,-73.75,87.94,6.93
48,Wichita Falls,1,US,1562358697,52,33.91,-98.49,92.91,13.87
49,Pakxan,100,LA,1562358697,96,18.39,103.66,70.97,1.7
50,Bluff,100,AU,1562358690,86,-23.58,149.07,59.81,22.15
51,Carnarvon,0,ZA,1562358698,42,-30.97,22.13,45.05,4.03
52,Teya,75,MX,1562358698,47,21.05,-89.07,95.88,6.93
53,Boueni,90,YT,1562358699,83,-12.9,45.08,78.8,8.05
54,Nizhniy Kuranakh,100,RU,1562358699,96,58.84,125.49,52.43,4.09
55,Havre-Saint-Pierre,1,CA,1562358699,68,50.23,-63.6,64.4,6.93
56,Kodiak,1,US,1562358700,45,39.95,-94.76,82.62,4.7
57,Trairi,13,BR,1562358700,85,-3.28,-39.27,75.11,3.98
58,Clyde River,75,CA,1562358701,93,70.47,-68.59,37.4,8.05
59,Upernavik,100,GL,1562358701,80,72.79,-56.15,41.99,7.27
60,Tromso,75,NO,1562358702,62,69.65,18.96,53.6,8.05
61,Luwuk,95,ID,1562358702,98,-0.95,122.79,62.69,3.85
62,Alice Springs,0,AU,1562358702,64,-23.7,133.88,39.2,4.7
63,Mahebourg,40,MU,1562358703,68,-20.41,57.7,68.86,6.93
64,Akdagmadeni,0,TR,1562358703,93,39.66,35.88,57.83,5.53
65,Mataura,60,NZ,1562358703,92,-46.19,168.86,44.01,3.67
66,Lichuan,27,CN,1562358704,92,30.3,108.94,62.51,3.15
67,Cabo San Lucas,5,MX,1562358440,43,22.89,-109.91,88.9,5.82
68,Vieux-Habitants,75,GP,1562358704,62,16.06,-61.77,86.0,16.11
69,Hermanus,15,ZA,1562358705,91,-34.42,19.24,52.0,4.0
70,Kaitangata,76,NZ,1562358628,93,-46.28,169.85,43.25,5.66
71,Khatanga,99,RU,1562358620,65,71.98,102.47,48.65,3.4
72,Avarua,45,CK,1562358706,88,-21.21,-159.78,66.2,29.97
73,Balkanabat,0,TM,1562358706,24,39.51,54.36,88.97,9.04
74,New Norfolk,20,AU,1562358553,93,-42.78,147.06,38.01,2.24
75,Yellowknife,90,CA,1562358692,77,62.45,-114.38,62.28,3.36
76,Port Alfred,0,ZA,1562358641,84,-33.59,26.89,51.01,4.0
77,Bilma,85,NE,1562358707,26,18.69,12.92,93.11,2.3
78,Longyearbyen,75,NO,1562358606,76,78.22,15.63,50.0,21.92
79,Turayf,0,SA,1562358707,22,31.68,38.65,87.8,9.17
80,Ati,49,TD,1562358418,53,13.21,18.34,85.91,5.26
81,Mount Isa,90,AU,1562358708,72,-20.73,139.49,62.6,8.05
82,Thinadhoo,88,MV,1562358708,80,0.53,72.93,83.21,12.37
83,Payo,86,ID,1562358709,96,-3.75,103.64,64.85,3.36
84,Riyadh,0,SA,1562358691,9,24.63,46.72,93.2,5.82
85,Ancud,0,CL,1562358709,76,-41.87,-73.83,50.0,4.7
86,Porto Velho,20,BR,1562358710,70,-8.75,-63.87,87.8,6.93
87,Zhigansk,96,RU,1562358710,88,66.77,123.37,50.81,6.73
88,Sakaiminato,75,JP,1562358710,88,35.55,133.23,71.6,11.41
89,Dikson,0,RU,1562358711,83,73.51,80.55,37.13,14.9
90,Maniitsoq,98,GL,1562358711,76,65.42,-52.9,44.69,8.86
91,Soni,13,TZ,1562358711,97,-4.85,38.37,65.75,7.65
92,Dakar,75,SN,1562358712,83,14.69,-17.45,77.0,4.7
93,Omsukchan,22,RU,1562358712,65,62.53,155.8,56.57,5.5
94,Verkhoyansk,96,RU,1562358712,45,67.55,133.39,57.11,2.3
95,Hasaki,75,JP,1562358713,94,35.73,140.83,66.67,9.17
96,Kapaa,40,US,1562358680,74,22.08,-159.32,82.13,4.7
97,Beni,17,CD,1562358713,95,0.49,29.47,65.21,2.01
98,Sorgues,0,FR,1562358714,61,44.01,4.87,79.25,5.82
99,Neiafu,40,TO,1562358714,73,-18.65,-173.98,77.0,6.93
100,Nanortalik,0,GL,1562358676,71,60.14,-45.24,43.25,5.82
101,Kendari,14,ID,1562358714,96,-3.99,122.52,67.73,2.17
102,Merauke,0,ID,1562358712,80,-8.49,140.4,75.83,15.03
103,Talcahuano,0,CL,1562358715,56,-36.72,-73.12,59.45,19.86
104,Kavaratti,100,IN,1562358715,75,10.57,72.64,83.93,20.51
105,Amalapuram,100,IN,1562358716,83,16.58,82.0,79.07,12.37
106,Iquitos,75,PE,1562358716,74,-3.75,-73.25,82.4,9.17
107,Samarai,48,PG,1562358716,93,-10.62,150.67,73.31,3.71
108,Kalmunai,100,LK,1562358717,77,7.42,81.82,77.09,2.48
109,Xiongzhou,0,CN,1562358717,94,32.34,118.83,75.94,4.47
110,Manavalakurichi,40,IN,1562358717,88,8.13,77.3,82.4,15.1
111,East London,0,ZA,1562358662,72,-33.02,27.91,48.83,7.76
112,Conceicao do Araguaia,99,BR,1562358668,52,-8.26,-49.26,85.19,2.15
113,Norman Wells,75,CA,1562358718,60,65.28,-126.83,68.0,4.7
114,Hithadhoo,10,MV,1562358718,79,-0.6,73.08,83.39,12.55
115,Butaritari,0,KI,1562358719,71,3.07,172.79,83.93,6.44
116,Kondoa,27,TZ,1562358719,82,-4.91,35.78,61.07,5.7
117,Sitka,22,US,1562358720,43,37.17,-99.65,95.0,11.99
118,Margate,20,AU,1562358720,93,-43.03,147.26,37.71,2.24
119,Newport,20,US,1562358628,83,41.49,-71.31,81.01,9.17
120,Qandala,4,SO,1562358721,47,11.47,49.87,94.01,18.77
121,Caravelas,1,BR,1562358721,83,-17.73,-39.27,78.53,11.39
122,Ahipara,0,NZ,1562358721,68,-35.17,173.16,56.75,18.32
123,Victor Harbor,0,AU,1562358722,55,-35.55,138.62,59.13,17.22
124,Leningradskiy,94,RU,1562358722,60,69.38,178.42,57.11,10.25
125,Elko,1,US,1562358507,17,40.83,-115.76,80.65,4.7
126,Velim,0,CZ,1562358723,43,50.06,15.11,65.46,2.24
127,Chiusi,0,IT,1562358544,48,43.02,11.95,77.13,10.29
128,Barrow,0,AR,1562358723,61,-38.31,-60.23,37.67,4.21
129,Port-Gentil,75,GA,1562358722,94,-0.72,8.78,73.4,6.93
130,Garowe,65,SO,1562358724,45,8.41,48.48,83.21,26.46
131,Fortuna,40,ES,1562358724,78,38.18,-1.13,78.57,3.36
132,Ilulissat,94,GL,1562358724,75,69.22,-51.1,42.53,5.73
133,Ulaangom,89,MN,1562358725,78,49.98,92.07,55.13,1.54
134,Mayo,40,CA,1562358725,36,63.59,-135.9,77.0,11.41
135,Fort Saint James,21,CA,1562358726,35,54.43,-124.25,70.25,10.36
136,Tiksi,100,RU,1562358726,91,71.64,128.87,37.49,6.53
137,Dunedin,100,NZ,1562358726,77,-45.87,170.5,48.99,14.0
138,Port Hardy,20,CA,1562358726,77,50.7,-127.42,60.8,5.82
139,Vila Velha,20,BR,1562358727,74,-3.71,-38.6,82.78,11.41
140,Bukama,0,CD,1562358727,38,-9.2,25.85,66.47,1.7
141,Tuktoyaktuk,75,CA,1562358728,72,69.44,-133.03,64.4,10.29
142,Baikunthpur,100,IN,1562358728,86,23.26,82.56,76.55,2.93
143,Broome,20,GB,1562358728,77,52.47,1.45,65.55,6.93
144,Methoni,0,GR,1562358517,88,36.82,21.7,76.96,6.53
145,Spring Valley,40,US,1562358729,65,41.33,-89.2,86.27,11.41
146,Olinda,71,AU,1562358729,100,-37.84,145.39,44.19,1.12
147,Mahendranagar,61,IN,1562358729,55,28.02,81.63,89.33,6.62
148,Tiangua,0,BR,1562358730,65,-3.73,-40.99,77.09,1.66
149,Requena,20,ES,1562358730,78,39.49,-1.1,78.4,5.82
150,Stanislav,0,UA,1562358730,73,46.58,32.14,69.8,6.71
151,Luangwa,0,MZ,1562358731,44,-15.62,30.4,57.65,0.4
152,Talnakh,0,RU,1562358731,70,69.49,88.39,48.2,24.61
153,Kupang,0,ID,1562358732,71,-10.16,123.6,72.95,13.24
154,Great Malvern,1,GB,1562358732,42,52.11,-2.33,65.53,3.74
155,Aquiraz,20,BR,1562358733,74,-3.9,-38.39,82.76,11.41
156,Peleduy,94,RU,1562358733,61,59.63,112.75,58.91,5.26
157,Ust-Nera,7,RU,1562358734,52,64.57,143.24,53.33,1.61
158,Hinesburg,90,US,1562358735,42,44.33,-73.11,83.5,9.17
159,Laguna,40,BZ,1562358736,50,16.17,-88.94,91.4,9.17
160,Hobart,20,AU,1562358736,93,-42.88,147.33,37.69,2.24
161,Sorong,61,ID,1562358736,96,-0.86,131.25,73.31,5.75
162,Saint George,75,GR,1562358737,57,39.45,22.34,80.19,3.36
163,Taoudenni,34,ML,1562358737,8,22.68,-3.98,100.67,3.65
164,Mmabatho,0,ZA,1562358737,36,-25.85,25.61,44.6,4.7
165,Safranbolu,0,TR,1562358716,91,41.25,32.69,62.15,2.1
166,Marawi,100,PH,1562358738,93,8.0,124.29,75.0,5.01
167,Chandbali,95,IN,1562358738,80,20.77,86.74,81.95,11.7
168,Batesville,75,US,1562358627,56,35.77,-91.64,92.7,12.75
169,Husavik,0,CA,1562358739,39,50.56,-96.99,73.0,8.46
170,Beringovskiy,80,RU,1562358739,71,63.05,179.32,56.57,8.1
171,Manokwari,96,ID,1562358740,72,-0.87,134.08,73.85,5.01
172,Kloulklubed,75,PW,1562358740,94,7.04,134.26,77.0,4.7
173,Koson,0,UZ,1562358740,36,39.04,65.59,78.8,9.17
174,Amahai,39,ID,1562358741,96,-3.31,129.0,79.0,1.01
175,Dossor,0,KZ,1562358741,50,47.52,52.98,76.01,11.43
176,Broken Hill,0,AU,1562358741,71,-31.97,141.45,51.8,16.11
177,San Patricio,0,PY,1562358742,63,-26.98,-56.83,45.23,5.44
178,Kruisfontein,0,ZA,1562358697,69,-34.0,24.73,49.73,7.14
179,Chalisgaon,100,IN,1562358742,80,20.46,75.0,77.09,15.26
180,Narsaq,20,GL,1562358743,32,60.91,-46.05,66.2,8.05
181,Yeppoon,90,AU,1562358743,88,-23.13,150.74,64.4,12.75
182,Sochaczew,0,PL,1562358743,77,52.23,20.24,58.5,12.75
183,Fort Nelson,75,CA,1562358744,37,58.81,-122.69,71.6,3.78
184,Kidal,0,ML,1562358744,34,18.44,1.41,91.13,12.06
185,Balkhash,0,KZ,1562358744,28,46.84,74.98,78.17,17.63
186,Ghanzi,0,BW,1562358745,18,-21.7,21.65,54.05,4.41
187,Yulara,40,AU,1562358745,56,-25.24,130.99,42.8,4.7
188,Smiths Falls,1,CA,1562358746,62,44.9,-76.02,87.44,9.17
189,Bethel,40,US,1562358746,73,60.79,-161.76,71.58,12.75
190,Kisangani,30,CD,1562358746,88,0.52,25.21,72.59,1.83
191,Santa Rosa,0,AR,1562358746,49,-36.62,-64.29,42.35,3.29
192,Pisco,75,PE,1562358747,30,-13.71,-76.2,69.49,8.05
193,Victoria,75,BN,1562358494,94,5.28,115.24,77.0,5.28
194,Grand-Santi,100,GF,1562358747,98,4.27,-54.38,74.75,2.98
195,Castro,0,CL,1562358591,76,-42.48,-73.76,50.0,4.7
196,Bjornevatn,90,NO,1562358748,100,69.67,29.98,44.6,17.22
197,Aginskoye,39,RU,1562358749,87,51.11,114.54,51.01,7.0
198,Provideniya,100,RU,1562358749,87,64.42,-173.23,51.53,3.71
199,Lubana,53,CD,1562358749,95,0.23,29.1,62.69,3.02
200,Arraial do Cabo,75,BR,1562358749,83,-22.97,-42.02,68.88,12.75
201,Gunjur,0,GM,1562358750,78,13.18,-16.76,80.6,9.17
202,Codrington,75,AU,1562358660,93,-28.95,153.24,58.6,5.82
203,Yalutorovsk,49,RU,1562358750,93,56.65,66.31,54.05,1.88
204,Altay,0,CN,1562358751,61,47.83,88.13,50.09,5.35
205,Saskylakh,100,RU,1562358751,83,71.97,114.09,40.01,10.63
206,Rio Grande,90,BR,1562358751,61,-32.03,-52.1,50.0,24.16
207,Noumea,90,NC,1562358752,88,-22.28,166.46,66.2,31.12
208,Hambantota,100,LK,1562358752,81,6.12,81.12,82.49,16.33
209,Paamiut,2,GL,1562358752,76,61.99,-49.67,44.87,14.5
210,Port Macquarie,90,AU,1562358753,100,-31.43,152.91,52.92,2.24
211,Antofagasta,40,CL,1562358579,67,-23.65,-70.4,59.0,10.29
212,Menongue,0,AO,1562358753,55,-14.66,17.68,54.23,3.24
213,Larsnes,0,NO,1562358754,81,62.2,5.58,48.76,2.24
214,Coihaique,90,CL,1562358681,75,-45.58,-72.07,45.16,11.41
215,Sur,4,OM,1562358754,54,22.57,59.53,86.45,9.35
216,North Bend,90,US,1562358726,77,43.41,-124.22,64.0,10.29
217,Mayumba,89,GA,1562358755,83,-3.44,10.65,73.13,9.62
218,Thompson,75,CA,1562358755,40,55.74,-97.86,68.0,9.17
219,Catalina,75,PE,1562358756,30,-13.57,-76.13,69.48,8.05
220,Touros,40,BR,1562358756,74,-5.2,-35.46,80.6,9.17
221,Eston,75,CA,1562358756,77,51.15,-108.75,62.82,8.05
222,Cache Creek,75,CA,1562358757,87,50.81,-121.33,60.64,4.7
223,Tumpat,75,MY,1562358757,94,6.2,102.17,77.0,2.24
224,Chaihe,33,CN,1562358757,97,44.77,129.68,58.73,2.66
225,Moranbah,96,AU,1562358758,94,-22.0,148.04,59.63,19.35
226,Bredasdorp,0,ZA,1562358758,87,-34.53,20.04,48.2,8.05
227,Saint-Augustin,90,CA,1562358758,66,45.63,-73.98,81.63,10.29
228,Puri,99,ID,1562358736,86,-7.54,112.45,71.33,7.65
229,Paita,0,PE,1562358759,290,-5.09,-81.11,62.6,14.99
230,Saint Cloud,1,US,1562358759,78,45.56,-94.16,73.18,7.02
231,Los Llanos de Aridane,40,ES,1562358650,88,28.66,-17.92,67.64,12.75
232,Kudahuvadhoo,61,MV,1562358760,72,2.67,72.89,83.93,7.07
233,Acapulco,40,MX,1562358760,66,16.86,-99.88,89.6,10.29
234,Kita,75,JP,1562358761,94,35.76,139.74,67.12,14.99
235,Vilhena,20,BR,1562358761,73,-12.74,-60.15,75.2,11.41
236,Totness,90,US,1562358762,88,33.74,-80.8,82.04,10.29
237,Amapa,20,HN,1562358762,47,15.09,-87.97,95.0,16.11
238,Zyryanka,100,RU,1562358762,87,65.73,150.89,52.07,6.44
239,Manavgat,0,TR,1562358762,78,36.79,31.44,80.87,5.82
240,Russkaya Polyana,64,RU,1562358763,80,53.78,73.88,64.49,0.96
241,Vestmannaeyjar,0,IS,1562358763,70,63.44,-20.27,55.31,4.34
242,Bambamarca,75,PE,1562358764,59,-6.68,-78.52,62.6,8.05
243,Cidreira,100,BR,1562358764,71,-30.17,-50.22,47.75,24.27
244,Balvi,84,LV,1562358764,96,57.13,27.27,47.75,14.94
245,Buala,100,SB,1562358765,80,-8.15,159.59,79.43,6.55
246,Champerico,40,MX,1562358765,38,16.38,-93.6,93.2,6.93
247,Zwedru,100,LR,1562358765,96,6.07,-8.13,71.69,4.74
248,Esperance,29,AU,1562358766,93,-33.86,121.89,41.0,11.41
249,Souillac,0,FR,1562358766,39,45.6,-0.6,77.94,6.93
250,Tessalit,47,ML,1562358766,23,20.2,1.01,95.81,11.61
251,Alberton,0,ZA,1562358767,36,-26.25,28.13,47.61,1.12
252,Ondjiva,0,AO,1562358767,26,-17.07,15.73,58.73,5.23
253,Bambanglipuro,100,ID,1562358767,83,-7.95,110.28,76.37,17.38
254,Fairmont,1,US,1562358768,78,40.64,-97.59,76.53,8.05
255,Adrar,0,DZ,1562358768,10,27.87,-0.29,104.0,6.93
256,Bar Harbor,1,US,1562358768,65,44.39,-68.2,82.04,16.11
257,Kahului,40,US,1562358768,58,20.89,-156.47,82.0,17.22
258,Port Hedland,75,AU,1562358769,77,-20.31,118.58,64.4,12.77
259,Ingham,93,AU,1562358769,95,-18.65,146.16,62.87,1.48
260,Berdigestyakh,100,RU,1562358770,97,62.1,126.7,51.89,6.06
261,Camacha,40,PT,1562358770,68,33.08,-16.33,69.8,9.17
262,Grand Gaube,40,MU,1562358770,68,-20.01,57.66,69.35,6.93
263,Vila Franca do Campo,20,PT,1562358692,68,37.72,-25.43,68.0,9.17
264,Bloomington,75,US,1562358681,55,40.47,-88.99,89.35,5.82
265,San Andres,100,PH,1562358771,88,13.32,122.68,76.37,1.74
266,Ternate,32,PH,1562358771,79,14.29,120.72,81.0,4.63
267,Hokitika,0,NZ,1562358772,56,-42.72,170.96,44.33,4.97
268,Oranjestad,40,AW,1562358767,74,12.52,-70.03,86.0,23.04
269,Taseyevo,11,RU,1562358772,97,57.22,94.9,58.37,4.0
270,Lom Sak,100,TH,1562358773,94,16.78,101.24,69.17,2.86
271,Batavia,75,US,1562358773,74,43.0,-78.19,82.2,4.7
272,Reyes,90,BO,1562358773,93,-14.3,-67.34,58.14,9.17
273,Yilan,93,CN,1562358774,95,43.11,129.52,60.17,2.86
274,Lurgan,90,GB,1562358774,77,54.46,-6.33,62.76,12.75
275,Cayenne,100,GF,1562358653,83,4.94,-52.33,82.4,8.05
276,Lorengau,39,PG,1562358774,81,-2.02,147.27,78.71,3.31
277,Bayan,100,CN,1562358775,53,36.1,102.26,50.27,2.3
278,Sibolga,17,ID,1562358775,78,1.74,98.78,81.95,6.35
279,Te Anau,100,NZ,1562358775,85,-45.41,167.72,42.35,2.73
280,Imbituba,40,BR,1562358776,54,-28.24,-48.67,57.2,4.7
281,Lusambo,0,CD,1562358776,33,-4.97,23.44,71.69,1.95
282,Acajutla,0,SV,1562358737,64,13.59,-89.83,84.29,6.46
283,Warrnambool,100,AU,1562358777,88,-38.38,142.48,48.99,16.15
284,Villamartin,0,ES,1562358777,47,36.86,-5.64,73.42,10.29
285,Anloga,40,GH,1562358777,88,5.79,0.9,78.8,10.29
286,Kiunga,100,PG,1562358778,98,-6.12,141.3,69.17,1.88
287,Plettenberg Bay,57,ZA,1562358778,45,-34.05,23.37,52.43,5.23
288,Rafaela,0,AR,1562358778,36,-31.25,-61.49,52.09,1.99
289,Emilio Carranza,66,MX,1562358779,45,19.97,-96.61,90.41,7.52
290,Nara,75,JP,1562358779,78,34.68,135.8,70.99,9.17
291,Ust-Kuyga,0,RU,1562358779,51,70.0,135.55,58.19,3.83
292,Dezful,0,IR,1562358780,10,32.38,48.4,87.53,6.44
293,Saint-Philippe,90,CA,1562358780,66,45.36,-73.48,81.77,10.29
294,San Jose de Ocoa,75,DO,1562358780,62,18.55,-70.5,83.12,13.87
295,Belmonte,0,PT,1562358780,34,40.36,-7.35,72.0,4.5
296,Morro Bay,40,US,1562358781,77,35.37,-120.85,74.14,6.93
297,Nuuk,75,GL,1562358781,44,64.17,-51.74,59.0,5.82
298,Half Moon Bay,20,US,1562358551,56,37.46,-122.43,72.03,16.11
299,Boyolangu,100,ID,1562358782,92,-8.09,111.9,68.45,4.63
300,Port Elizabeth,75,US,1562358782,83,39.31,-74.98,83.52,10.29
301,Vladimiro-Aleksandrovskoye,43,RU,1562358783,94,42.89,133.08,56.03,0.31
302,Lodja,0,CD,1562358699,40,-3.52,23.6,75.29,1.05
303,Zhicheng,15,CN,1562358783,36,35.04,112.59,78.17,6.6
304,El Real de Santa Maria,100,PA,1562358784,89,8.11,-77.73,82.49,3.02
305,Beloha,0,MG,1562358784,86,-25.17,45.06,62.87,2.46
306,Friockheim,0,GB,1562358784,82,56.64,-2.66,59.56,10.29
307,Moanda,20,CD,1562358785,83,-5.93,12.38,75.2,4.7
308,Alofi,40,NU,1562358785,69,-19.06,-169.92,77.0,10.29
309,Chicama,20,PE,1562358785,77,-7.84,-79.15,66.2,11.41
310,San Miguel,0,AR,1562358786,74,-34.54,-58.72,47.26,11.41
311,Sagua la Grande,75,CU,1562358786,58,22.81,-80.07,87.8,10.29
312,Kuryk,0,KZ,1562358786,41,43.18,51.68,82.49,7.07
313,Geraldton,75,CA,1562358787,38,49.72,-86.95,77.0,13.87
314,Sioux Lookout,90,CA,1562358787,38,50.1,-91.92,74.21,8.05
315,Namibe,40,AO,1562358773,78,-15.19,12.15,69.53,2.46
316,Balikpapan,49,ID,1562358788,98,-1.24,116.86,71.87,2.91
317,Hami,100,CN,1562358788,36,42.84,93.51,77.09,22.44
318,Barra Patuca,9,HN,1562358788,77,15.8,-84.28,82.49,12.46
319,Mackenzie,90,CA,1562358789,48,55.34,-123.09,64.4,11.41
320,Bonavista,79,CA,1562358789,85,48.65,-53.11,55.0,5.01
321,Nabire,96,ID,1562358789,97,-3.36,135.5,67.73,3.44
322,Kapit,0,MY,1562358790,93,2.02,112.94,70.43,0.74
323,High Prairie,0,CA,1562358790,59,55.43,-116.48,64.85,10.31
324,Moose Factory,20,CA,1562358584,69,51.26,-80.61,78.8,6.93
325,Banda Aceh,100,ID,1562358791,74,5.56,95.32,83.57,8.37
326,Baixa Grande,0,BR,1562358791,67,-11.96,-40.17,74.75,1.86
327,Uray,0,RU,1562358792,78,60.13,64.8,54.05,6.62
328,Haines Junction,4,CA,1562358792,44,60.75,-137.51,73.13,4.61
329,Vila,0,IT,1562358792,42,45.18,8.4,80.71,3.36
330,Calamar,89,CO,1562358792,87,1.96,-72.65,77.27,4.9
331,Russell,1,US,1562358793,58,38.9,-98.86,87.03,19.46
332,Honningsvag,75,NO,1562358793,93,70.98,25.97,44.6,11.41
333,Chulman,5,RU,1562358793,86,56.84,124.9,53.69,2.95
334,Chuy,59,UY,1562358794,71,-33.69,-53.46,47.39,21.41
335,Shizunai,94,JP,1562358794,95,42.33,142.37,57.47,3.74
336,Lebedyn,100,UA,1562358794,90,50.58,34.48,59.27,7.29
337,San Francisco del Mar,55,MX,1562358795,40,16.34,-94.51,95.45,19.55
338,Miramar,75,CR,1562358795,54,10.09,-84.73,78.03,17.22
339,Isangel,75,VU,1562358795,93,-19.55,169.27,64.4,20.0
340,Agirish,0,RU,1562358796,88,61.92,63.02,52.25,6.55
341,Anadyr,20,RU,1562358796,71,64.73,177.51,57.09,22.37
342,Yashan,38,CN,1562358796,91,30.81,118.02,72.95,3.91
343,Iranshahr,0,IR,1562358797,8,27.21,60.69,100.4,6.93
344,Kassel,0,DE,1562358797,52,51.31,9.48,63.77,5.82
345,Lavrentiya,100,RU,1562358798,66,65.58,-170.99,59.45,6.64
346,Airai,0,TL,1562358798,80,-8.93,125.41,63.95,5.37
347,Shar,32,NG,1562358798,96,7.3,8.73,73.85,5.44
348,Ballitoville,75,ZA,1562358799,77,-29.54,31.21,57.76,6.93
349,Nyurba,0,RU,1562358799,88,63.29,118.35,48.65,7.16
350,Folldal,100,NO,1562358799,95,62.14,10.0,37.49,1.74
351,Pulgaon,100,IN,1562358800,86,20.73,78.32,76.19,17.69
352,Unity,85,CA,1562358800,52,52.44,-109.15,67.55,4.85
353,Hrodna,0,BY,1562358800,71,53.68,23.83,49.01,9.24
354,Tuatapere,100,NZ,1562358800,92,-46.13,167.69,44.01,10.2
355,Port Augusta,75,AU,1562358801,87,-32.49,137.76,51.01,4.7
356,Lakselv,75,NO,1562358801,93,70.05,24.96,47.88,18.34
357,Mitsamiouli,75,KM,1562358801,74,-11.38,43.28,78.8,4.7
358,Luderitz,0,NA,1562358589,87,-26.65,15.16,53.6,13.87
359,Mikuni,75,JP,1562358802,83,36.22,136.15,71.6,11.41
360,Luganville,40,VU,1562358802,83,-15.51,167.18,75.2,6.93
361,Barabinsk,56,RU,1562358802,95,55.35,78.35,59.81,8.84
362,Evensk,0,RU,1562358803,72,61.92,159.24,54.77,2.35
363,Maningrida,0,AU,1562358803,84,-12.05,134.23,55.67,5.73
364,Tabory,0,PL,1562358804,60,53.89,19.53,52.12,5.99
365,Tarakan,93,ID,1562358804,81,3.3,117.63,76.55,4.54
366,Ponta do Sol,43,BR,1562358804,90,-20.63,-46.0,62.33,10.27
367,Vao,30,EE,1562358805,95,59.1,26.19,45.95,1.52
368,Boende,17,CD,1562358805,87,-0.28,20.88,74.21,2.26
369,Padang,45,ID,1562358805,79,-0.92,100.36,81.59,6.6
370,Voyvozh,0,RU,1562358805,97,62.89,54.96,49.37,4.9
371,Gobabis,0,NA,1562358806,18,-22.45,18.97,50.0,7.52
372,Gawler,0,AU,1562358806,55,-34.6,138.75,59.61,17.22
373,Grover Beach,40,US,1562358542,77,35.12,-120.62,69.3,6.93
374,Valle de Allende,100,MX,1562358807,28,26.94,-105.39,85.55,5.39
375,Maceio,0,BR,1562358807,74,-9.67,-35.74,78.8,10.29
376,Salalah,75,OM,1562358714,94,17.01,54.1,82.4,5.61
377,Megalopoli,0,GR,1562358807,88,37.4,22.14,76.86,1.88
378,Xacmaz,29,AZ,1562358808,57,41.46,48.81,70.79,5.21
379,Coahuayana,85,MX,1562358808,55,18.62,-100.35,90.05,2.35
380,Bambous Virieux,40,MU,1562358809,68,-20.34,57.76,68.95,6.93
381,Mar del Plata,0,AR,1562358697,73,-46.43,-67.52,40.73,17.74
382,Sao Gabriel da Cachoeira,20,BR,1562358809,66,-0.13,-67.09,86.0,5.82
383,Gamba,100,CN,1562358809,70,28.28,88.52,41.99,1.88
384,Kota Kinabalu,75,MY,1562358810,78,5.98,116.07,77.0,6.93
385,Grindavik,20,IS,1562358810,58,63.84,-22.43,58.15,17.22
386,Faanui,30,PF,1562358638,78,-16.48,-151.75,76.91,25.26
387,Bridgetown,53,AU,1562358811,92,-33.96,116.14,43.05,1.99
388,Constitucion,90,MX,1562358811,26,23.99,-104.67,79.39,10.29
389,Moree,100,AU,1562358811,62,-29.46,149.84,50.9,10.29
390,Tramandai,89,BR,1562358812,65,-29.98,-50.13,45.77,14.41
391,Belyy Yar,0,RU,1562358812,100,53.6,91.39,59.0,2.24
392,Seoul,20,KR,1562358626,94,37.57,126.98,70.23,1.12
393,Pevek,0,RU,1562358812,68,69.7,170.27,45.59,22.44
394,Ketchikan,1,US,1562358753,47,55.34,-131.65,75.15,6.93
395,Deniliquin,65,AU,1562358813,86,-35.53,144.96,48.99,5.99
396,Tazovskiy,0,RU,1562358725,66,67.47,78.7,48.11,17.58
397,Iskateley,100,RU,1562358813,94,67.68,53.15,61.61,11.9
398,Andujar,0,ES,1562358706,25,38.04,-4.05,76.19,8.7
399,Darovskoy,0,RU,1562358814,94,58.77,47.96,50.27,8.52
400,Murgab,0,TM,1562358814,42,37.5,61.97,82.4,10.76
401,Mackay,90,CA,1562358815,63,53.65,-115.58,58.08,8.05
402,Sharya,0,RU,1562358815,90,58.37,45.52,49.73,6.93
403,Batagay-Alyta,100,RU,1562358816,74,67.8,130.41,45.05,6.49
404,Sobolevo,33,RU,1562358816,96,54.43,31.9,47.93,8.52
405,Qaqortoq,20,GL,1562358816,32,60.72,-46.03,66.2,8.05
406,Fereydun Kenar,0,IR,1562358817,73,36.69,52.52,75.99,7.78
407,Yerbogachen,96,RU,1562358817,95,61.28,108.01,59.27,5.68
408,Cherskiy,91,RU,1562358818,78,68.75,161.3,59.09,6.38
409,Raahe,90,FI,1562358818,93,64.68,24.47,54.63,5.82
410,Jumla,80,NP,1562358819,95,29.28,82.18,53.69,2.44
411,Tomatlan,100,MX,1562358819,61,19.93,-105.25,86.27,7.78
412,Le Port,0,FR,1562358819,61,42.87,1.37,79.92,5.48
413,Aljezur,0,PT,1562358820,71,37.31,-8.8,68.0,6.42
414,Saidpur,85,BD,1562358820,79,25.78,88.89,84.11,5.53
415,Srednekolymsk,96,RU,1562358820,76,67.46,153.71,54.77,10.58
416,Viedma,0,AR,1562358821,63,-40.81,-62.99,41.81,7.83
417,Careiro da Varzea,40,BR,1562358821,62,-3.2,-59.81,88.72,3.36
418,Comodoro Rivadavia,0,AR,1562358821,54,-45.87,-67.48,53.6,18.34
419,Fairbanks,1,US,1562358795,49,64.84,-147.72,72.39,8.05
420,Pathalgaon,100,IN,1562358822,96,22.56,83.46,75.65,1.92
421,Hobyo,86,SO,1562358822,68,5.35,48.53,79.79,26.37
422,San Jeronimo,75,PE,1562358822,58,-13.65,-73.37,53.6,7.92
423,Santa Fe,0,AR,1562358823,47,-31.62,-60.7,51.01,1.99
424,Aksu,0,KZ,1562358823,87,52.04,76.93,59.0,6.71
425,Flinders,90,AU,1562358823,100,-34.58,150.85,52.38,4.7
426,Georgetown,90,GY,1562358824,94,6.8,-58.16,76.87,11.41
427,Esso,77,RU,1562358824,63,55.93,158.7,57.11,3.65
428,Sao Joao da Barra,40,BR,1562358824,78,-21.64,-41.05,72.46,20.8
429,Freeport,0,BS,1562358679,58,26.54,-78.7,87.8,11.41
430,Bihariganj,93,IN,1562358825,66,25.73,86.98,86.99,9.19
431,Whitianga,18,NZ,1562358825,97,-36.83,175.7,41.0,4.92
432,Poum,20,MK,1562358825,68,41.28,20.71,66.2,2.24
433,Kokuy,0,RU,1562358826,63,52.2,117.55,52.97,0.45
434,Marfino,0,RU,1562358826,76,56.07,37.56,57.88,11.18
435,Saint-Francois,0,FR,1562358826,39,46.42,3.91,78.1,5.82
436,Mokhsogollokh,100,RU,1562358827,93,61.4,128.95,53.69,3.31
437,Dhidhdhoo,100,MV,1562358827,77,6.88,73.1,83.75,13.29
438,Faya,0,SA,1562358827,53,18.39,42.45,75.25,1.9
439,Rosarito,75,CO,1562358828,45,4.91,-75.23,79.65,11.41
440,Denpasar,20,ID,1562358828,83,-8.65,115.22,77.0,8.05
441,Satinka,88,RU,1562358828,79,52.38,41.68,54.59,7.56
442,Maralal,7,KE,1562358829,65,1.1,36.7,63.41,12.01
443,Kharakvasla,100,IN,1562358830,95,18.43,73.77,70.97,11.72
444,Veraval,0,FR,1562358830,53,49.65,0.71,66.45,9.17
445,Tallahassee,1,US,1562358830,59,30.44,-84.28,91.31,6.93
446,Chernyshevskiy,35,RU,1562358831,67,63.01,112.47,50.09,4.0
447,Gat,99,SN,1562358831,73,14.69,-16.54,77.0,8.05
448,Gombong,100,ID,1562358832,89,-7.19,109.31,71.33,6.64
449,Dumabato,31,PH,1562358832,92,16.32,121.7,71.15,2.68
450,Rocha,100,UY,1562358686,74,-34.48,-54.34,43.43,12.93
451,Westport,90,US,1562358833,78,41.14,-73.36,81.01,11.41
452,Bure,67,NG,1562358833,88,10.52,10.33,74.03,7.31
453,Baishishan,99,CN,1562358833,94,43.58,127.55,60.53,2.19
454,Talakan,100,RU,1562358834,99,50.29,130.28,62.69,3.67
455,Mandalgovi,0,MN,1562358667,36,45.76,106.27,59.09,7.72
456,Mehamn,75,NO,1562358834,93,71.03,27.85,44.6,11.41
457,Cocobeach,40,GA,1562358834,83,1.01,9.58,78.8,6.93
458,Christchurch,100,NZ,1562358740,66,-43.53,172.64,45.64,12.75
459,Ipixuna,40,BR,1562358835,74,-1.76,-48.8,86.0,9.17
460,Bathsheba,20,BB,1562358835,66,13.22,-59.52,86.0,20.8
461,Limbe,0,MW,1562358835,75,-15.81,35.05,57.11,5.14
462,Ardabil,0,IR,1562358836,54,38.25,48.3,59.0,11.41
463,Ocos,75,GT,1562358836,55,14.51,-92.19,91.4,6.93
464,Santa Ines,75,EC,1562358836,55,-0.82,-78.63,63.27,25.28
465,Kargasok,97,RU,1562358837,93,59.06,80.87,59.81,9.15
466,The Valley,20,AI,1562358837,62,18.22,-63.06,85.59,20.8
467,Prince Albert,75,CA,1562358838,48,53.2,-105.75,66.2,4.7
468,Erzin,0,TR,1562358838,74,36.95,36.2,78.57,20.8
469,Manoel Urbano,2,BR,1562358838,56,-8.84,-69.26,87.53,2.01
470,Peace River,75,CA,1562358838,45,56.23,-117.29,68.0,10.29
471,Mangan,100,IN,1562358839,91,27.5,88.54,61.79,0.16
472,Dingle,100,PH,1562358839,87,11.0,122.67,73.85,2.08
473,Bulungu,0,CD,1562358840,34,-4.54,18.6,75.47,1.25
474,Hofn,75,IS,1562358840,81,64.25,-15.21,46.4,11.41
475,Inuvik,75,CA,1562358707,63,68.36,-133.71,67.19,6.93
476,Ucluelet,90,CA,1562358556,87,48.94,-125.55,62.71,3.36
477,Ballina,40,IE,1562358841,77,54.11,-9.15,58.77,13.87
478,Praia da Vitoria,20,PT,1562358841,68,38.73,-27.07,69.62,3.94
479,La Ronge,40,CA,1562358841,42,55.1,-105.3,68.0,2.24
480,Lohja,75,FI,1562358709,93,60.25,24.07,50.76,3.36
481,Avera,75,US,1562358739,66,33.19,-82.53,85.93,14.99
482,Shingu,100,JP,1562358842,98,33.72,135.99,65.21,3.33
483,Katete,55,UG,1562358843,75,-0.78,29.75,66.65,3.22
484,San Cristobal,0,HN,1562358843,32,14.68,-86.92,85.55,11.79
485,Seymchan,100,RU,1562358843,53,62.93,152.39,60.53,8.84
486,Oulu,90,FI,1562358844,93,65.01,25.47,54.1,5.82
487,Laredo,1,US,1562358687,26,27.51,-99.51,101.71,19.46
488,Conceicao da Barra,56,BR,1562358717,66,-18.59,-39.73,80.33,2.46
489,Komsomolskiy,94,RU,1562358845,61,67.55,63.78,62.51,11.56
490,Batagay,89,RU,1562358845,48,67.65,134.64,57.11,1.61
491,Murdochville,100,CA,1562358845,51,48.96,-65.49,78.71,1.59
492,Erenhot,0,CN,1562358846,41,43.65,111.97,59.81,7.09
493,Uyovu,2,TZ,1562358846,51,-3.28,31.53,67.19,1.81
494,Anaconda,75,US,1562358846,40,46.13,-112.94,69.91,6.93
495,Salinas,1,US,1562358847,56,36.67,-121.66,70.07,5.82
496,Funes,0,AR,1562358847,26,-32.92,-60.81,48.09,8.05
497,Ceyhan,20,TR,1562358847,78,37.03,35.82,78.55,1.25
498,Along,100,IN,1562358848,97,28.17,94.8,61.79,1.79
499,Bulaevo,63,KZ,1562358848,85,54.91,70.44,60.17,4.54
500,Roebourne,0,AU,1562358848,43,-20.77,117.15,61.07,9.4
501,Silver City,75,US,1562358849,24,32.77,-108.28,80.46,6.93
502,Gondanglegi,100,ID,1562358849,96,-7.75,112.01,68.81,7.45
503,Bandarbeyla,0,SO,1562358840,57,9.49,50.81,81.23,25.17
504,Guangyuan,100,CN,1562358850,96,32.43,105.86,65.21,1.79
505,Xapuri,75,BR,1562358573,78,-10.65,-68.5,80.6,18.34
506,Mindelo,0,PT,1562358850,77,41.31,-8.72,68.0,4.7
507,Karratha,0,AU,1562358851,42,-20.74,116.85,60.35,14.27
508,Hamilton,75,CA,1562358579,55,43.26,-79.87,84.96,10.29
509,Mankato,75,US,1562358851,58,44.16,-94.0,82.47,5.82
510,Zhuhai,0,CN,1562358852,71,40.71,112.04,51.8,2.24
511,Barguzin,0,RU,1562358852,48,53.62,109.63,51.35,2.1
512,Egvekinot,100,RU,1562358853,91,66.32,-179.17,47.57,13.91
513,Jinchang,99,CN,1562358853,48,38.52,102.19,59.09,8.28
514,Raton,75,US,1562358853,26,36.9,-104.44,78.73,23.04
515,Shwebo,100,MM,1562358854,72,22.57,95.7,80.69,20.36
516,Dong Xoai,97,VN,1562358569,95,11.53,106.92,75.47,1.7
517,Knysna,57,ZA,1562358854,81,-34.04,23.05,46.4,4.7
518,Santa Barbara,1,US,1562358843,47,34.42,-119.7,75.85,8.05
519,Sambava,16,MG,1562358855,88,-14.27,50.17,65.57,3.18
520,Llanelli,0,GB,1562358855,59,51.68,-4.16,62.29,8.05
521,Ziro,95,IN,1562358856,95,27.54,93.82,60.71,2.04
522,Sri Aman,0,MY,1562358856,100,1.24,111.46,74.7,0.74
523,Linden,75,GY,1562358856,100,6.01,-58.31,75.2,6.93
524,Eenhana,0,NA,1562358857,15,-17.48,16.34,68.0,2.24
525,Xifeng,99,CN,1562358857,67,42.73,124.72,68.99,4.59
526,Rivera,80,UY,1562358857,67,-30.9,-55.54,40.91,12.5
527,Lasa,0,CY,1562358753,83,34.92,32.53,75.34,5.82
528,Ouadda,32,CF,1562358858,97,8.07,22.4,69.35,2.19
529,Kribi,100,CM,1562358858,86,2.94,9.91,78.17,13.42
530,Saint-Paul,0,FR,1562358859,50,45.22,1.9,77.56,1.86
531,Ostersund,20,SE,1562358859,87,63.18,14.64,47.46,17.22
532,Okha,100,RU,1562358859,90,53.59,142.95,52.79,17.25
533,Katsuura,75,JP,1562358859,83,33.93,134.5,71.82,6.93
534,Clarksburg,20,US,1562358669,59,39.24,-77.28,88.66,5.82
535,Susa,65,CO,1562358860,78,5.45,-73.81,70.97,1.19
536,Sissach,0,CH,1562358860,52,47.46,7.81,69.93,5.82
537,Chumikan,33,RU,1562358861,88,54.72,135.31,50.63,3.58
538,Pacific Grove,90,US,1562358618,72,36.62,-121.92,69.51,8.05
539,Saint Lawrence,0,MT,1562358861,39,36.06,14.2,79.56,4.7
540,Jalu,0,LY,1562358862,51,29.03,21.55,80.33,16.93
541,Vanavara,100,RU,1562358862,56,60.35,102.28,61.97,5.19
542,Bourail,100,NC,1562358862,85,-21.57,165.5,65.57,3.47
543,Ordynskoye,87,RU,1562358863,93,54.37,81.9,57.29,7.87
544,Kanye,0,BW,1562358863,49,-24.98,25.34,43.97,4.92
545,Nishihara,75,JP,1562358863,88,35.74,139.53,67.06,3.36
546,Berezniki,93,RU,1562358864,93,59.41,56.8,52.0,1.01
547,Yar-Sale,20,RU,1562358785,55,66.83,70.83,58.73,20.56
548,Markova,0,RU,1562358864,87,52.21,104.21,50.74,6.71
549,Alcudia,0,ES,1562358864,78,39.85,3.12,79.88,6.93
550,Barra do Bugres,42,BR,1562358865,56,-15.07,-57.19,68.09,9.62
551,Davila,99,PH,1562358865,80,18.47,120.58,82.49,18.72
552,Svetlogorsk,20,RU,1562358865,67,53.14,59.15,57.2,8.95
553,Teguldet,37,RU,1562358866,98,57.31,88.17,56.93,6.78
554,Rochelle,75,US,1562358866,70,41.92,-89.07,83.62,5.82
555,Bosaso,0,SO,1562358867,64,11.28,49.18,90.77,2.8
556,Nemuro,100,JP,1562358793,94,43.32,145.57,52.07,4.5
557,Arman,100,RU,1562358867,93,59.7,150.17,46.31,3.4
558,Linxia,100,CN,1562358867,41,35.6,103.21,53.51,4.79
559,Portland,75,US,1562358233,48,43.66,-70.25,85.32,13.87
560,Karpathos,0,GR,1562358868,83,35.51,27.21,75.2,21.92
561,Terenos,0,BR,1562358868,36,-20.44,-54.87,64.4,14.99
562,Borsad,100,IN,1562358868,72,22.41,72.91,83.39,14.29
563,Mwene-Ditu,0,CD,1562358869,31,-7.01,23.45,67.19,2.77
564,La Rioja,8,AR,1562358869,60,-29.41,-66.86,44.15,4.97
565,Montivilliers,0,FR,1562358870,63,49.55,0.19,65.53,5.82
566,Palizada,40,MX,1562358870,52,18.25,-92.09,89.6,11.41
567,Alihe,100,CN,1562358870,54,50.57,123.73,54.05,4.07
568,Lucapa,0,AO,1562358871,37,-8.42,20.74,67.55,2.59
569,Kasempa,0,ZM,1562358871,43,-13.46,25.83,56.93,4.88
570,Brae,100,GB,1562358715,93,60.4,-1.35,51.8,5.82
571,Gao,0,ML,1562358871,33,16.28,-0.04,95.81,10.56
572,Ailigandi,60,PA,1562358872,79,9.23,-78.02,82.31,8.39
573,Pokhvistnevo,4,RU,1562358872,95,53.65,52.12,48.65,8.16
574,Aykhal,90,RU,1562358873,93,65.95,111.51,44.6,4.47
